{
  "n_pairs": 29,
  "results": {
    "quark_r@1": 0.0,
    "count_r@1": 0.0,
    "hash_r@1": 0.0,
    "sorted_r@1": 0.0,
    "quark_r@5": 0.2413793103448276,
    "count_r@5": 0.06896551724137931,
    "hash_r@5": 0.0,
    "sorted_r@5": 0.0,
    "quark_r@10": 0.3448275862068966,
    "count_r@10": 0.1724137931034483,
    "hash_r@10": 0.0,
    "sorted_r@10": 0.0
  }
}